,stat,precision,recall,f1-score,support,model_accuracy,model
0,0.0,0.94,0.8909952606635071,0.9148418491484186,211.0,0.9189814814814815,sp_055_thresh_merge_75
1,1.0,0.9008620689655172,0.9457013574660633,0.9227373068432672,221.0,0.9189814814814815,sp_055_thresh_merge_75
2,accuracy,0.9189814814814815,0.9189814814814815,0.9189814814814815,0.9189814814814815,0.9189814814814815,sp_055_thresh_merge_75
3,macro avg,0.9204310344827586,0.9183483090647853,0.9187895779958428,432.0,0.9189814814814815,sp_055_thresh_merge_75
4,weighted avg,0.9199780491698595,0.9189814814814815,0.9188809606080518,432.0,0.9189814814814815,sp_055_thresh_merge_75
